name,website
IT+Robotics,it-robotics.it
Inovako,inovako.com
ROKI Co,roki-jp.com
TRIGO,trigo-group.com
Sweeper,sweeper-robot.eu
Machine Vision,machinevision.ch
Metapack Engineering,metapack.it
FiveCo Sàrl,fiveco.ch
SEF Vision,sefvision.com
Sension,sension.dk
Lenz Instruments,lenz-instruments.com
Vertical Print,verticalprint.ch
Swiss Engineering Partners,swiss-ep.com
ADS Engineering,ads-engineering.ch
PROMEXX Technical Automation,promexx.nl
PRAUTEC,prautec.de
ASINOVA SOLUCIONES,asinova.es
ZeroPPM,zero-ppm.nl
VIFER automation,viferautomation.com
Primagest,primagest.co.jp
PackCheck,kobobss.com
Pansoma,pansoma.at
RUVU Robotics,ruvu.nl
Affix Engineering,affixengineering.nl
Silicann Systems,silicann.com
zealous,zealous.tech
XEFRA,xefracert.com
Myotis,myotis.at
nLIGHT plasmo,plasmo.eu
Vinroc Solutions,vinroc-solutions.de
aSpect Systems,aspect-sys.com
Walaris,walaris.com
Lead Intelligent Equipment,leadchina.cn
Mobile Biometrics,mobbio.com
Gem,gemet.de
bsAutomation,bsgruppe.com
APS Tech Group,aps-techgroup.de
Print3d-electric,print3d-electric.com
ROX Automation,roxautomation.com
Vision Partners,visionpartners.nl
LEEC,leecdubai.com
Ambio Ltda.,dekra.es
Advire,advires.com
Embedded Factory,embedded-factory.com
PM OPTIMA,pmoptima.com
Siali | Experts in AI - Industry 4.0,sialitech.com
Saab Tactical Electronics,saab.com/ste
Acoustic Control Systems - ACS Group,acs-international.com
Electronic and Opto-Mechanic Engineering EXOM,exomengineering.com
BERTHA project,berthaproject.eu
CFP,cpfsrl.com
Argos Global Partner Services,argosgps.com
IMC Engineering,imc-engineering.be/index2.html
Wuxi Lead Intelligent Equipment Co.,leadintelligent.com
Light Works,lw4u.com
TRIGO Aerospace Defense & Rail,trigo-group.com
OG Engineering,agathandasa.com
Khairo Group,khairogroup.co.za
EP2,ep2.com
PI4ROBOTICS,pi4.de
NZTech,nztech.xyz
ELECTROTECHNIQUE DE NORMANDI,etn.fr
FastOne,fastonesolutions.com
AEM,aem.com.sg
Erkert,erkert.it
Blaser Engineering,blaser-engineering.ch
SIELS,siels.com.mx
Tollenaar,tollenaar.io
Inspekt,inspektalfatest.se
AGCES.,pruthviagces.com
SASSARI - Zona Ind. Predda,onesrl.tech
Imagotech,imagotech.de
Kiehn Engineering Services,kiehn-es.de
